 	0
bugadacargnel.com 	0
cbsc.ca 	0
cineuropa.mobi 	0
creationwiki.org 	0
eu2007.de 	0
eu.blizzard.com 	9
forcesavenir.qc.ca 	0
galacticchannelings.com 	0
golftrotter.com 	0
iiz-dvv.de 	0
ironmaidencommentary.com 	0
kicktionary.de 	0
kustu.com 	0
manchesterproducts.com 	0
minelinks.com 	0
pawpeds.com 	0
rehazenter.lu 	0
santabarbara-online.com 	0
schackportalen.nu 	0
tsb.gc.ca 	0
virtualhospice.ca 	0
www.acted.org 	0
www.antennas.biz 	0
www.artsvivants.ca 	0
www.bonnke.net 	0
www.bugadacargnel.com 	0
www.cgfmanet.org 	0
www.cyberspaceministry.org 	0
www.dakar.com 	0
www.dfo-mpo.gc.ca 	0
www.ec.gc.ca 	25
www.eohu.ca 	0
www.eu2005.lu 	0
www.eu2007.de 	0
www.fao.org 	0
www.inst.at 	0
www.krn.org 	0
www.lameca.org 	0
www.luontoportti.com 	0
www.nato.int 	0
www.nauticnews.com 	0
www.pawpeds.com 	0
www.prohelvetia.ch 	0
www.socialwatch.org 	0
www.summerlea.ca 	0
www.the-great-adventure.fr 	0
www.ushmm.org 	0
www.usw.ca 	0
